budget,year,interval
8e6,1986,89
6e6,1986,89
15e6,1986,89
185e5,1986,89
9e6,1986,89
6e6,1986,89
25e6,1986,89
6e6,1986,89
9e6,1986,89
15e6,1986,89
88e5,1986,89
16e6,1986,89
6e6,1986,89
25e6,1986,89
15e6,1986,89
17e6,1986,89
1e7,1986,89
25e6,1986,89
27e5,1986,89
35e6,1986,89
2e6,1986,89
11e6,1986,89
47e5,1986,89
15e6,1986,89
25e6,1986,89
25e6,1986,89
19e5,1986,89
25e6,1986,89
25e6,1986,89
245e5,1986,89
138e5,1986,89
6e6,1986,89
1e7,1986,89
3e6,1986,89
25e6,1986,89
4e6,1986,89
1e7,1986,89
45e5,1986,89
18e6,1986,89
19e6,1986,89
11e5,1986,89
111e3,1986,89
18e6,1986,89
64e5,1986,89
14e6,1986,89
85e5,1986,89
6e6,1986,89
5e6,1986,89
12e6,1986,89
6e6,1986,89
65e5,1986,89
2e7,1986,89
15e6,1986,89
12e6,1986,89
18e6,1986,89
175e3,1986,89
87e5,1986,89
12e6,1986,89
11e5,1986,89
1e7,1986,89
18e6,1986,89
5e6,1986,89
25e6,1986,89
4e7,1986,89
1e7,1986,89
12e6,1986,89
2e6,1986,89
14e6,1986,89
85e5,1986,89
18e6,1986,89
8e6,1986,89
33e5,1986,89
15e6,1986,89
4e7,1986,89
13e6,1986,89
17e6,1986,89
16e6,1986,89
2e7,1986,89
6e6,1986,89
4e6,1986,89
18e6,1986,89
25e6,1986,89
17e6,1986,89
14e6,1986,89
3401376,1986,89
1e7,1986,89
2e6,1986,89
18e6,1986,89
15e5,1986,89
16e6,1987,89
1e6,1987,89
3e7,1987,89
6e6,1987,89
15e6,1987,89
27e6,1987,89
227e5,1987,89
13e6,1987,89
15e6,1987,89
25e6,1987,89
36e5,1987,89
22e6,1987,89
12e6,1987,89
14e6,1987,89
3e7,1987,89
15e6,1987,89
35e6,1987,89
22e6,1987,89
45e5,1987,89
23e6,1987,89
25e6,1987,89
3e7,1987,89
6e6,1987,89
17e6,1987,89
6e6,1987,89
27e6,1987,89
15e6,1987,89
28e6,1987,89
23e6,1987,89
13e6,1987,89
26e5,1987,89
11e6,1987,89
3e6,1987,89
65e5,1987,89
5e6,1987,89
15e6,1987,89
2e7,1987,89
25e5,1987,89
17e6,1987,89
35e5,1987,89
3e6,1987,89
12e6,1987,89
12e6,1987,89
2e7,1987,89
18e6,1987,89
1e6,1987,89
14e6,1987,89
3e6,1987,89
6e6,1987,89
15e6,1987,89
16e6,1987,89
3e6,1987,89
17e6,1987,89
29e6,1987,89
6e6,1987,89
27e6,1987,89
5e6,1987,89
18e6,1987,89
4e6,1987,89
55e6,1987,89
1e5,1987,89
22e6,1987,89
35e4,1987,89
4e6,1987,89
24e6,1987,89
5e6,1987,89
9e6,1987,89
7e6,1987,89
1e7,1987,89
6e6,1987,89
53e5,1987,89
1e7,1987,89
352e4,1987,89
13e5,1987,89
25e6,1987,89
11e6,1987,89
75e5,1987,89
3e6,1987,89
1e6,1987,89
1e5,1987,89
8e6,1987,89
58e5,1987,89
19e6,1987,89
5e6,1987,89
75e3,1987,89
12e6,1987,89
11e5,1987,89
5e6,1987,89
4e6,1987,89
15e6,1987,89
14e6,1987,89
12e6,1987,89
15e6,1988,89
39e6,1988,89
9e6,1988,89
28e6,1988,89
35e6,1988,89
3e6,1988,89
25e6,1988,89
4e6,1988,89
7e7,1988,89
18e6,1988,89
2e7,1988,89
5e6,1988,89
19e6,1988,89
35e5,1988,89
75e5,1988,89
2e6,1988,89
3e7,1988,89
3e6,1988,89
15e6,1988,89
12e6,1988,89
11e5,1988,89
28e6,1988,89
14e6,1988,89
125e5,1988,89
15e6,1988,89
14e6,1988,89
17e6,1988,89
5e6,1988,89
13e6,1988,89
29e6,1988,89
6e6,1988,89
63e6,1988,89
6e6,1988,89
7e6,1988,89
2e6,1988,89
13e6,1988,89
24e6,1988,89
7e6,1988,89
75e5,1988,89
1e7,1988,89
31e6,1988,89
31e6,1988,89
75e5,1988,89
32e6,1988,89
23e6,1988,89
2e7,1988,89
28e5,1988,89
8e6,1988,89
4663e4,1988,89
13e6,1988,89
105e5,1988,89
75e5,1988,89
3e6,1988,89
22e6,1988,89
11e5,1988,89
1e7,1988,89
6e6,1988,89
17e6,1988,89
3e6,1988,89
12e5,1988,89
13e6,1988,89
45e5,1988,89
2e7,1988,89
62e5,1988,89
22e6,1988,89
2e6,1988,89
25e5,1988,89
7e6,1988,89
5e6,1988,89
6e6,1988,89
47e5,1988,89
7e5,1988,89
3e6,1988,89
25e6,1988,89
7e6,1988,89
19e6,1988,89
16e6,1988,89
7e6,1988,89
22e6,1988,89
23e6,1988,89
65e5,1988,89
37e5,1988,89
175e5,1988,89
4e6,1988,89
1e7,1988,89
9e6,1988,89
15e6,1988,89
2e7,1988,89
4e6,1988,89
2e7,1988,89
18e6,1988,89
19e6,1988,89
16e6,1988,89
6e6,1988,89
14e6,1988,89
5e6,1988,89
21e4,1988,89
15e6,1988,89
15e6,1988,89
8e6,1988,89
2e7,1988,89
6e6,1988,89
3e6,1988,89
4e6,1988,89
6e6,1988,89
19e6,1988,89
8e6,1988,89
6e6,1988,89
14e6,1988,89
19e6,1988,89
1e6,1988,89
5e6,1988,89
4e6,1988,89
13e6,1988,89
18e6,1988,89
14e6,1988,89
13e6,1988,89
5e6,1988,89
12e6,1988,89
16e5,1988,89
7e6,1988,89
164e5,1989,89
35e6,1989,89
115e5,1989,89
48e6,1989,89
4e7,1989,89
55e6,1989,89
17e6,1989,89
27e6,1989,89
1e7,1989,89
4e7,1989,89
7e7,1989,89
15e6,1989,89
65e5,1989,89
18e6,1989,89
16e6,1989,89
37e6,1989,89
75e5,1989,89
25e6,1989,89
18e6,1989,89
11e6,1989,89
14e6,1989,89
31e6,1989,89
28e6,1989,89
32e6,1989,89
31e6,1989,89
12e5,1989,89
1e7,1989,89
278e5,1989,89
75e5,1989,89
1e7,1989,89
225e5,1989,89
18e6,1989,89
15e5,1989,89
6e6,1989,89
3e6,1989,89
5e6,1989,89
3e7,1989,89
3e7,1989,89
138e5,1989,89
5e5,1989,89
8e6,1989,89
6e6,1989,89
9e6,1989,89
18e6,1989,89
19e6,1989,89
5e6,1989,89
33e6,1989,89
25e5,1989,89
7e6,1989,89
35e6,1989,89
24e6,1989,89
3e6,1989,89
5e6,1989,89
13e6,1989,89
5e6,1989,89
19e6,1989,89
28e5,1989,89
8e6,1989,89
5e6,1989,89
15e6,1989,89
1e7,1989,89
12e6,1989,89
15e6,1989,89
1e7,1989,89
15e6,1989,89
4e6,1989,89
2e7,1989,89
16e6,1989,89
2e7,1989,89
17e6,1989,89
19e6,1989,89
8e6,1989,89
3e6,1989,89
12e6,1989,89
19e6,1989,89
13e6,1989,89
5e6,1989,89
3e6,1989,89
5e6,1989,89
18e6,1989,89
18e6,1989,89
18e6,1989,89
3e6,1989,89
4e6,1989,89
23e5,1989,89
25e5,1989,89
15e5,1989,89
75e3,1989,89
115e5,1989,89
34e6,1989,89
2e7,1989,89
16e6,1989,89
14e6,1989,89
17e6,1989,89
4e6,1989,89
5e6,1989,89
6e6,1989,89
26e6,1990,89
25e6,1990,89
2e7,1990,89
65e6,1990,89
14e6,1990,89
18e6,1990,89
2e7,1990,89
54e6,1990,89
22e6,1990,89
3e7,1990,89
13e6,1990,89
22e6,1990,89
11e6,1990,89
25e6,1990,89
95e5,1990,89
25e6,1990,89
135e5,1990,89
31e6,1990,89
7e7,1990,89
47e6,1990,89
1e7,1990,89
6e7,1990,89
11e6,1990,89
4e7,1990,89
42e6,1990,89
26e6,1990,89
35e6,1990,89
36e6,1990,89
35e6,1990,89
14e6,1990,89
4e7,1990,89
16e6,1990,89
22e6,1990,89
5e7,1990,89
11e6,1990,89
31e6,1990,89
42e5,1990,89
35e5,1990,89
3e6,1990,89
1e7,1990,89
105e5,1990,89
3e7,1990,89
2e7,1990,89
25e5,1990,89
52e5,1990,89
12e6,1990,89
35e6,1990,89
1e7,1990,89
2e7,1990,89
18e6,1990,89
47e6,1990,89
25e6,1990,89
12e6,1990,89
15e5,1990,89
23e6,1990,89
7e6,1990,89
2e7,1990,89
18e6,1990,89
38e6,1990,89
22e6,1990,89
15e6,1990,89
19e6,1990,89
4e6,1990,89
25e5,1990,89
2e7,1990,89
1e7,1990,89
23e6,1990,89
22e6,1990,89
7e6,1990,89
25e6,1990,89
4e7,1990,89
9e6,1990,89
12e6,1990,89
24e6,1990,89
225e3,1990,89
7e5,1990,89
2e6,1990,89
1e7,1990,89
3e6,1990,89
35e4,1990,89
15e6,1990,89
65e5,1990,89
115e5,1990,89
5e6,1990,89
242e3,1990,89
1e7,1990,89
42e6,1990,89
19e6,1991,94
102e6,1991,94
25e6,1991,94
65e5,1991,94
3e7,1991,94
11e6,1991,94
7e7,1991,94
24e6,1991,94
165e5,1991,94
35e6,1991,94
17e6,1991,94
48e6,1991,94
13e6,1991,94
11e6,1991,94
3e7,1991,94
4e7,1991,94
9e6,1991,94
35e6,1991,94
16e6,1991,94
26e6,1991,94
4e7,1991,94
15e6,1991,94
35e6,1991,94
25e5,1991,94
27e6,1991,94
38e6,1991,94
24e6,1991,94
29e6,1991,94
75e6,1991,94
19e6,1991,94
6e6,1991,94
1e7,1991,94
85e5,1991,94
25e6,1991,94
11e6,1991,94
65e6,1991,94
2e7,1991,94
6788e3,1991,94
15e6,1991,94
35e5,1991,94
135e5,1991,94
29e6,1991,94
35e6,1991,94
3e7,1991,94
3e7,1991,94
23e6,1991,94
14e6,1991,94
14e6,1991,94
6e6,1991,94
5e7,1991,94
8e6,1991,94
17e6,1991,94
15e6,1991,94
23e3,1991,94
3e7,1991,94
25e6,1991,94
18e6,1991,94
23e6,1991,94
14e6,1991,94
23e6,1991,94
17e6,1991,94
17e6,1991,94
1e7,1991,94
23e6,1991,94
14e5,1991,94
8e6,1991,94
1e7,1991,94
22e6,1991,94
13e6,1991,94
18e6,1991,94
7e6,1991,94
11e6,1991,94
17e6,1991,94
48e6,1991,94
3e6,1991,94
8e6,1991,94
75e5,1991,94
13e6,1991,94
1e7,1991,94
18e6,1991,94
35e6,1991,94
4e7,1991,94
14e6,1991,94
2e6,1991,94
5e6,1991,94
36e6,1991,94
26e6,1991,94
1701e4,1991,94
22e6,1991,94
164e5,1991,94
28e6,1991,94
25e4,1991,94
16e6,1991,94
4e6,1991,94
16e6,1991,94
6e6,1991,94
1e7,1991,94
4e6,1991,94
1e7,1991,94
19e6,1991,94
19e5,1991,94
45e4,1991,94
3e6,1991,94
3e6,1991,94
13e6,1991,94
6e6,1991,94
14e6,1991,94
15e6,1991,94
12e5,1992,94
4e7,1992,94
28e6,1992,94
8e7,1992,94
49e6,1992,94
4e7,1992,94
144e5,1992,94
11e6,1992,94
4e7,1992,94
1e7,1992,94
5e7,1992,94
31e6,1992,94
4e7,1992,94
55e6,1992,94
31e6,1992,94
15e6,1992,94
25e6,1992,94
2e7,1992,94
1e7,1992,94
11e6,1992,94
18e6,1992,94
35e6,1992,94
125e5,1992,94
3e6,1992,94
6e6,1992,94
45e6,1992,94
24e6,1992,94
31e6,1992,94
33e6,1992,94
15e6,1992,94
24e6,1992,94
5e6,1992,94
7e6,1992,94
8e6,1992,94
23e6,1992,94
7e6,1992,94
5e6,1992,94
6e7,1992,94
35e6,1992,94
5e6,1992,94
1e7,1992,94
3e6,1992,94
117e5,1992,94
16e6,1992,94
1e6,1992,94
65e5,1992,94
35e6,1992,94
4e7,1992,94
8e6,1992,94
43e6,1992,94
47e6,1992,94
35e6,1992,94
15e6,1992,94
2e6,1992,94
7e3,1992,94
16e6,1992,94
3e7,1992,94
4e7,1992,94
4e6,1992,94
35e6,1992,94
8e6,1992,94
14e6,1992,94
12e6,1992,94
35e5,1992,94
4e7,1992,94
3e7,1992,94
7e6,1992,94
18e6,1992,94
1e7,1992,94
12e6,1992,94
42e6,1992,94
27e6,1992,94
9e5,1992,94
15e6,1992,94
25e6,1992,94
12e6,1992,94
9e5,1992,94
45e6,1992,94
5e6,1992,94
14e6,1992,94
2e7,1992,94
2e7,1992,94
4e7,1992,94
15e6,1992,94
75e5,1992,94
4e6,1992,94
32e6,1992,94
155e5,1992,94
3e7,1992,94
5e7,1992,94
4e7,1992,94
1e7,1992,94
17e6,1992,94
5e6,1992,94
29e6,1992,94
18e6,1992,94
4e7,1992,94
2e7,1992,94
1e7,1992,94
5e6,1992,94
43e6,1992,94
3e7,1992,94
1e7,1992,94
27e5,1992,94
333e4,1992,94
18e6,1992,94
3e6,1992,94
8e5,1992,94
18e6,1992,94
4e5,1992,94
3e6,1992,94
18e6,1992,94
22769,1992,94
24e6,1992,94
13e6,1992,94
16e6,1992,94
13e4,1992,94
25e4,1992,94
38e3,1992,94
28e6,1993,94
25e6,1993,94
22e6,1993,94
63e6,1993,94
18e6,1993,94
69e5,1993,94
25e6,1993,94
42e6,1993,94
13e6,1993,94
75e6,1993,94
22e6,1993,94
11e6,1993,94
146e5,1993,94
2e7,1993,94
25e6,1993,94
21e6,1993,94
85e6,1993,94
35e6,1993,94
7e7,1993,94
44e6,1993,94
2e7,1993,94
38e6,1993,94
26e6,1993,94
7e6,1993,94
3e7,1993,94
38e6,1993,94
57e6,1993,94
42e6,1993,94
3e7,1993,94
13e6,1993,94
4e7,1993,94
32e6,1993,94
3e7,1993,94
17e6,1993,94
15e6,1993,94
11e6,1993,94
15e6,1993,94
14e6,1993,94
35e5,1993,94
18e6,1993,94
25e6,1993,94
8e6,1993,94
2e7,1993,94
15e6,1993,94
3e6,1993,94
4e7,1993,94
45e6,1993,94
15e6,1993,94
4e7,1993,94
6e6,1993,94
15e6,1993,94
9e5,1993,94
3e7,1993,94
15e6,1993,94
2e6,1993,94
26e5,1993,94
22e6,1993,94
9e6,1993,94
25e6,1993,94
25e6,1993,94
1e7,1993,94
6e6,1993,94
35e6,1993,94
14e6,1993,94
11e6,1993,94
35e6,1993,94
19e6,1993,94
2e7,1993,94
3e7,1993,94
14e6,1993,94
15e6,1993,94
35e6,1993,94
12e6,1993,94
33e6,1993,94
17e6,1993,94
82e5,1993,94
13e6,1993,94
22e6,1993,94
11e6,1993,94
2e6,1993,94
21e6,1993,94
15e5,1993,94
3e7,1993,94
15e6,1993,94
75e5,1993,94
3e7,1993,94
135e5,1993,94
22e6,1993,94
115e5,1993,94
65e5,1993,94
15e6,1993,94
6e6,1993,94
8e6,1993,94
7e6,1993,94
9e6,1993,94
13e6,1993,94
28e6,1993,94
3e7,1993,94
14e6,1993,94
3e6,1993,94
8e6,1993,94
1e7,1993,94
11e6,1993,94
105e5,1993,94
18e6,1993,94
25e6,1993,94
1e7,1993,94
11e6,1993,94
1e6,1993,94
1e7,1993,94
6e6,1993,94
1e7,1993,94
1e6,1993,94
14e6,1993,94
12e6,1993,94
25e6,1993,94
1e7,1993,94
12e6,1993,94
19e6,1993,94
11e6,1993,94
8e6,1993,94
119e5,1993,94
13e6,1993,94
9e6,1993,94
999999,1993,94
803e4,1993,94
13e6,1993,94
25e5,1993,94
1e6,1993,94
5e6,1993,94
8e5,1993,94
25e6,1994,94
8e6,1994,94
55e6,1994,94
45e6,1994,94
6e7,1994,94
3e7,1994,94
44e5,1994,94
18e6,1994,94
16e6,1994,94
34e6,1994,94
3e7,1994,94
55e6,1994,94
115e6,1994,94
23e6,1994,94
12e6,1994,94
63e6,1994,94
46e6,1994,94
115e5,1994,94
35e6,1994,94
18e6,1994,94
8e6,1994,94
23e4,1994,94
45e6,1994,94
62e6,1994,94
15e6,1994,94
4e7,1994,94
6e5,1994,94
5e7,1994,94
35e6,1994,94
2e7,1994,94
5e6,1994,94
8e6,1994,94
31e6,1994,94
45e6,1994,94
75e6,1994,94
22e6,1994,94
45e6,1994,94
4e7,1994,94
27e6,1994,94
3e6,1994,94
24e6,1994,94
55e6,1994,94
31e6,1994,94
55e6,1994,94
7e7,1994,94
3e7,1994,94
27e6,1994,94
3e7,1994,94
4e7,1994,94
45e6,1994,94
8e6,1994,94
25e6,1994,94
1e7,1994,94
6e7,1994,94
27e6,1994,94
2e7,1994,94
35e5,1994,94
18e6,1994,94
25e5,1994,94
5e7,1994,94
25e6,1994,94
74e5,1994,94
25e5,1994,94
14e6,1994,94
16e6,1994,94
12e6,1994,94
5e7,1994,94
28e6,1994,94
25e6,1994,94
2e7,1994,94
13e6,1994,94
4e7,1994,94
2e7,1994,94
3e6,1994,94
2e7,1994,94
35e5,1994,94
25e6,1994,94
11e6,1994,94
7e6,1994,94
62e5,1994,94
1e7,1994,94
785e4,1994,94
2e5,1994,94
12e6,1994,94
4e7,1994,94
25e6,1994,94
19e6,1994,94
35e6,1994,94
2e7,1994,94
15e6,1994,94
7e5,1994,94
45e6,1994,94
5e6,1994,94
7e6,1994,94
45e6,1994,94
4e6,1994,94
5e7,1994,94
26e6,1994,94
19e5,1994,94
6e6,1994,94
28e5,1994,94
6e7,1994,94
3e7,1994,94
45e6,1994,94
2e6,1994,94
3e6,1994,94
7e6,1994,94
2e7,1994,94
15e6,1994,94
3e7,1994,94
1708e4,1994,94
2e7,1994,94
23e5,1994,94
13e6,1994,94
15e6,1994,94
23e5,1994,94
3e7,1994,94
32e5,1994,94
105e5,1994,94
3e7,1994,94
44e6,1994,94
15e6,1994,94
2e5,1994,94
15e3,1994,94
107e5,1994,94
1e6,1994,94
192e5,1994,94
18e6,1994,94
2e7,1994,94
33e6,1995,94
5e7,1995,94
72e6,1995,94
6e6,1995,94
6e7,1995,94
12e6,1995,94
55e6,1995,94
29000001,1995,94
3e7,1995,94
1e8,1995,94
6e7,1995,94
52e6,1995,94
15e5,1995,94
45e6,1995,94
5e7,1995,94
35e5,1995,94
25e5,1995,94
18e6,1995,94
52e6,1995,94
2e7,1995,94
19e6,1995,94
9e7,1995,94
1e7,1995,94
175e6,1995,94
5e7,1995,94
16e6,1995,94
3025e4,1995,94
62e6,1995,94
25e6,1995,94
95e5,1995,94
35e6,1995,94
18e6,1995,94
36e5,1995,94
7e6,1995,94
3e7,1995,94
42e6,1995,94
3e7,1995,94
4e6,1995,94
17e6,1995,94
32e6,1995,94
7e7,1995,94
22e6,1995,94
17e6,1995,94
12e6,1995,94
11e6,1995,94
25e6,1995,94
2e7,1995,94
15e6,1995,94
5e7,1995,94
9e6,1995,94
53e6,1995,94
24e6,1995,94
23e6,1995,94
2e7,1995,94
6e6,1995,94
5e6,1995,94
6e7,1995,94
25e6,1995,94
2e7,1995,94
15e6,1995,94
5e7,1995,94
58e6,1995,94
28e6,1995,94
55e6,1995,94
3e7,1995,94
98e6,1995,94
13e6,1995,94
22e6,1995,94
1e7,1995,94
45e6,1995,94
23e6,1995,94
5e7,1995,94
2e7,1995,94
15e6,1995,94
8e6,1995,94
3e7,1995,94
8e5,1995,94
3e7,1995,94
2e7,1995,94
65e5,1995,94
8e6,1995,94
3e7,1995,94
5e7,1995,94
5e7,1995,94
12e6,1995,94
12e6,1995,94
75e5,1995,94
1e6,1995,94
1e7,1995,94
11e6,1995,94
16e6,1995,94
35e6,1995,94
25e6,1995,94
7e6,1995,94
11e6,1995,94
55e5,1995,94
5e5,1995,94
7e6,1995,94
27e6,1995,94
9e6,1995,94
68e6,1995,94
33e6,1995,94
2e7,1995,94
4e7,1995,94
6e6,1995,94
17e6,1995,94
21e6,1995,94
32e6,1995,94
15e6,1995,94
25e3,1995,94
5e7,1995,94
25e4,1995,94
7e6,1995,94
15e6,1995,94
19e6,1995,94
2e6,1995,94
1e7,1995,94
105e5,1995,94
15e6,1995,94
28e6,1995,94
64e5,1995,94
8e6,1995,94
14e6,1995,94
5e6,1995,94
4e6,1995,94
15e4,1995,94
23e6,1995,94
3e6,1995,94
65e5,1995,94
11e6,1995,94
6e6,1995,94
2e6,1995,94
8e6,1995,94
22e6,1995,94
15e4,1995,94
1e7,1995,94
92e6,1996,00
35e5,1996,00
7e6,1996,00
14e6,1996,00
19e6,1996,00
75e6,1996,00
145e5,1996,00
36e6,1996,00
12e6,1996,00
3e6,1996,00
44e6,1996,00
27e6,1996,00
5e7,1996,00
15e6,1996,00
8e7,1996,00
3e7,1996,00
8e7,1996,00
75e6,1996,00
4e7,1996,00
7e7,1996,00
4e6,1996,00
36e6,1996,00
31e6,1996,00
4e7,1996,00
1e8,1996,00
25e6,1996,00
26e6,1996,00
89e4,1996,00
45e6,1996,00
9e6,1996,00
55e6,1996,00
45e6,1996,00
7e6,1996,00
15e6,1996,00
75e6,1996,00
38e5,1996,00
27e6,1996,00
38e6,1996,00
45e5,1996,00
4e7,1996,00
26e6,1996,00
85e5,1996,00
57e6,1996,00
54e6,1996,00
2e5,1996,00
47e6,1996,00
18e6,1996,00
3e7,1996,00
1e7,1996,00
6e6,1996,00
5e7,1996,00
65e6,1996,00
45e6,1996,00
1e8,1996,00
5e7,1996,00
45e6,1996,00
9e6,1996,00
25e6,1996,00
55e6,1996,00
41e5,1996,00
6e7,1996,00
31e6,1996,00
8e7,1996,00
55e6,1996,00
67e6,1996,00
32e6,1996,00
23e6,1996,00
46e6,1996,00
2e7,1996,00
3e6,1996,00
55e5,1996,00
8e7,1996,00
45e6,1996,00
33e5,1996,00
35e5,1996,00
3e6,1996,00
18e6,1996,00
8e6,1996,00
3e7,1996,00
55e6,1996,00
13e6,1996,00
4e6,1996,00
28e6,1996,00
38e6,1996,00
45e5,1996,00
5e6,1996,00
2e7,1996,00
2e7,1996,00
13e6,1996,00
25e6,1996,00
36e6,1996,00
5e7,1996,00
29e6,1996,00
45e6,1996,00
42e6,1996,00
15e6,1996,00
6e7,1996,00
2553e4,1996,00
4e7,1996,00
12e6,1996,00
13e6,1996,00
7e6,1996,00
13e6,1996,00
8e6,1996,00
7e6,1996,00
44e6,1996,00
39e6,1996,00
25e6,1996,00
3e7,1996,00
215e5,1996,00
25e6,1996,00
7e6,1996,00
47e6,1996,00
8e6,1996,00
38e6,1996,00
13e5,1996,00
3e6,1996,00
35e6,1996,00
24e6,1996,00
18e6,1996,00
5e7,1996,00
15e6,1996,00
4e7,1996,00
23e6,1996,00
5e6,1996,00
25e6,1996,00
125e5,1996,00
12e6,1996,00
2309723,1996,00
22e6,1996,00
25e6,1996,00
3e7,1996,00
8e6,1996,00
25e6,1996,00
25e6,1996,00
5e6,1996,00
5e5,1996,00
17e6,1996,00
6e6,1996,00
16e6,1996,00
24e6,1996,00
3e7,1996,00
19e6,1996,00
5e6,1996,00
7e6,1996,00
6e6,1996,00
19e6,1996,00
2e8,1997,00
1e7,1997,00
93e6,1997,00
8e7,1997,00
85e6,1997,00
2e7,1997,00
105e6,1997,00
9e7,1997,00
62e6,1997,00
75e6,1997,00
15e6,1997,00
9e7,1997,00
35e6,1997,00
125e6,1997,00
8e7,1997,00
5e7,1997,00
36e6,1997,00
57e6,1997,00
17e6,1997,00
12e6,1997,00
75e6,1997,00
73e6,1997,00
6e7,1997,00
11e7,1997,00
5e7,1997,00
9e7,1997,00
35e6,1997,00
5e7,1997,00
17e6,1997,00
15e6,1997,00
4e7,1997,00
45e6,1997,00
116e6,1997,00
2e7,1997,00
4e7,1997,00
46e6,1997,00
24e6,1997,00
45e6,1997,00
13e5,1997,00
36e6,1997,00
55e6,1997,00
85e6,1997,00
3e7,1997,00
32e6,1997,00
1e6,1997,00
22e6,1997,00
7e7,1997,00
18e4,1997,00
15e6,1997,00
5e7,1997,00
35e5,1997,00
27e6,1997,00
25e4,1997,00
25e6,1997,00
5e7,1997,00
3e7,1997,00
1e7,1997,00
35e6,1997,00
18e6,1997,00
6e7,1997,00
19e6,1997,00
2e7,1997,00
9e6,1997,00
35e6,1997,00
15e6,1997,00
68e6,1997,00
16e7,1997,00
25e6,1997,00
86e6,1997,00
75e6,1997,00
29e6,1997,00
32e6,1997,00
36e6,1997,00
8e7,1997,00
38e6,1997,00
1e7,1997,00
5e7,1997,00
3e7,1997,00
16e6,1997,00
1e7,1997,00
22e6,1997,00
5e6,1997,00
6e7,1997,00
3e6,1997,00
4e7,1997,00
75e5,1997,00
25e6,1997,00
37e6,1997,00
1e6,1997,00
2e7,1997,00
25e6,1997,00
28e6,1997,00
3e7,1997,00
2e7,1997,00
1e6,1997,00
12e6,1997,00
35e6,1997,00
12e6,1997,00
35e6,1997,00
48e6,1997,00
2e7,1997,00
25e6,1997,00
18e6,1997,00
25e6,1997,00
5e6,1997,00
8e6,1997,00
28e6,1997,00
3e7,1997,00
2e7,1997,00
32e6,1997,00
6e6,1997,00
6e6,1997,00
8e6,1997,00
5e7,1997,00
33e5,1997,00
55e6,1997,00
9e6,1997,00
17e6,1997,00
35e6,1997,00
5e6,1997,00
24e6,1997,00
85e6,1997,00
35e6,1997,00
15e5,1997,00
3e6,1997,00
1e7,1997,00
53e6,1997,00
8e6,1997,00
15e6,1997,00
11e6,1997,00
3119e4,1997,00
1e7,1997,00
25e3,1997,00
15e6,1997,00
12e6,1997,00
16e6,1997,00
7e6,1997,00
18e6,1997,00
1e6,1997,00
16e6,1997,00
27e5,1997,00
45e6,1997,00
71e6,1997,00
25e6,1997,00
3e6,1997,00
5e6,1997,00
4e6,1997,00
1e7,1997,00
45e5,1997,00
7e7,1998,00
15e6,1998,00
75e5,1998,00
9e7,1998,00
14e7,1998,00
6e7,1998,00
6e4,1998,00
23e6,1998,00
45e6,1998,00
25e6,1998,00
9e7,1998,00
48e6,1998,00
6e7,1998,00
52e6,1998,00
27e6,1998,00
2e7,1998,00
55e6,1998,00
185e5,1998,00
25e6,1998,00
33e6,1998,00
65e6,1998,00
2e7,1998,00
75e6,1998,00
8e7,1998,00
12e7,1998,00
9e6,1998,00
7e7,1998,00
15e6,1998,00
9e7,1998,00
85e6,1998,00
48e6,1998,00
2e7,1998,00
65e6,1998,00
35e6,1998,00
26e6,1998,00
18e6,1998,00
6e7,1998,00
17e6,1998,00
7e7,1998,00
15e6,1998,00
13e7,1998,00
4e7,1998,00
3e7,1998,00
6e7,1998,00
4e7,1998,00
12e6,1998,00
1e7,1998,00
6e7,1998,00
6e3,1998,00
3e7,1998,00
25e6,1998,00
8e6,1998,00
14e6,1998,00
58e6,1998,00
28e6,1998,00
17e6,1998,00
5e7,1998,00
14e7,1998,00
9e7,1998,00
6e7,1998,00
715e5,1998,00
105e6,1998,00
73e6,1998,00
5e7,1998,00
24e6,1998,00
66e6,1998,00
14e6,1998,00
3e6,1998,00
55e6,1998,00
13e6,1998,00
15e5,1998,00
6e7,1998,00
9e6,1998,00
8e7,1998,00
7e7,1998,00
1e7,1998,00
6e7,1998,00
8e6,1998,00
9e6,1998,00
3e7,1998,00
24e6,1998,00
3e7,1998,00
13e5,1998,00
1e7,1998,00
85e6,1998,00
45e5,1998,00
25e6,1998,00
13e6,1998,00
45e6,1998,00
17e6,1998,00
25e5,1998,00
3e7,1998,00
13e6,1998,00
4e7,1998,00
3e7,1998,00
9e7,1998,00
27e6,1998,00
2e6,1998,00
3e6,1998,00
12e6,1998,00
5e6,1998,00
75e6,1998,00
3e7,1998,00
15e6,1998,00
7e7,1998,00
35e5,1998,00
5e6,1998,00
6e6,1998,00
14e6,1998,00
2e7,1998,00
8e7,1998,00
3e6,1998,00
65e6,1998,00
5e7,1998,00
3e7,1998,00
1e7,1998,00
8e7,1998,00
18e6,1998,00
8e6,1998,00
14e6,1998,00
25e6,1998,00
2e7,1998,00
25e6,1998,00
45e5,1998,00
11e5,1998,00
15e6,1998,00
35e6,1998,00
23e6,1998,00
2e7,1998,00
12e6,1998,00
7e6,1998,00
15e6,1998,00
29e5,1998,00
6e7,1998,00
5e6,1998,00
19e6,1998,00
7e6,1998,00
3e7,1998,00
6e6,1998,00
7e5,1998,00
5e6,1998,00
8e6,1998,00
2e7,1998,00
1e6,1998,00
15e6,1998,00
24e6,1998,00
13e6,1998,00
2e6,1998,00
35e5,1998,00
1e7,1998,00
8e5,1998,00
63e6,1999,00
15e6,1999,00
63e6,1999,00
6e7,1999,00
11e6,1999,00
65e6,1999,00
8e7,1999,00
4e7,1999,00
3e7,1999,00
1e8,1999,00
115e6,1999,00
6e7,1999,00
1e7,1999,00
6e6,1999,00
105e5,1999,00
45e6,1999,00
37e6,1999,00
33e6,1999,00
25e6,1999,00
7e6,1999,00
4e7,1999,00
9e7,1999,00
4e7,1999,00
17e7,1999,00
42e6,1999,00
6e4,1999,00
13e6,1999,00
342e5,1999,00
1e7,1999,00
135e6,1999,00
1e8,1999,00
1e7,1999,00
13e7,1999,00
16e6,1999,00
82e6,1999,00
66e6,1999,00
7e7,1999,00
17e6,1999,00
48e6,1999,00
12e6,1999,00
8e7,1999,00
25e6,1999,00
68e6,1999,00
75e6,1999,00
38e6,1999,00
55e6,1999,00
1e8,1999,00
55e6,1999,00
2e6,1999,00
16e7,1999,00
35e5,1999,00
73e6,1999,00
7e7,1999,00
1e7,1999,00
25e6,1999,00
68e6,1999,00
15e6,1999,00
24e6,1999,00
35e6,1999,00
12e6,1999,00
8e7,1999,00
133e6,1999,00
35e6,1999,00
9e7,1999,00
2e7,1999,00
5e7,1999,00
4e7,1999,00
37e6,1999,00
95e6,1999,00
21e6,1999,00
75e6,1999,00
16e6,1999,00
25e6,1999,00
28e6,1999,00
11e6,1999,00
25e6,1999,00
7e7,1999,00
22e6,1999,00
65e5,1999,00
55e6,1999,00
85e6,1999,00
21e6,1999,00
8e7,1999,00
12e5,1999,00
8e7,1999,00
29e6,1999,00
9e7,1999,00
15e6,1999,00
85e5,1999,00
8e7,1999,00
65e6,1999,00
34e6,1999,00
13e6,1999,00
8e7,1999,00
31e6,1999,00
35e6,1999,00
92e6,1999,00
2e7,1999,00
75e6,1999,00
9e6,1999,00
5e7,1999,00
23e6,1999,00
55e6,1999,00
3e7,1999,00
8e7,1999,00
8e7,1999,00
64e6,1999,00
6e6,1999,00
75e6,1999,00
9e6,1999,00
12e6,1999,00
14e6,1999,00
14e6,1999,00
5e7,1999,00
24e6,1999,00
33e6,1999,00
38e6,1999,00
6e6,1999,00
2975e4,1999,00
75e6,1999,00
27e6,1999,00
6e6,1999,00
23e6,1999,00
13e6,1999,00
65e6,1999,00
45e6,1999,00
13e6,1999,00
6e7,1999,00
35e6,1999,00
15e6,1999,00
28e6,1999,00
12e6,1999,00
45e6,1999,00
3e6,1999,00
4e6,1999,00
26e6,1999,00
51e6,1999,00
3e7,1999,00
24e6,1999,00
7e6,1999,00
35e6,1999,00
25e6,1999,00
85e5,1999,00
35e6,1999,00
3e4,1999,00
7e6,1999,00
45e4,1999,00
4e6,1999,00
2e7,1999,00
5e6,1999,00
3e7,1999,00
3e7,1999,00
25e6,1999,00
7e6,1999,00
12e6,1999,00
75e6,1999,00
12e6,1999,00
32e6,1999,00
5e7,1999,00
25e5,1999,00
7e7,1999,00
3e7,1999,00
3e7,1999,00
525e4,1999,00
1e7,1999,00
15e6,1999,00
5e5,1999,00
7e7,1999,00
14e6,1999,00
21e6,1999,00
17e5,1999,00
1e7,1999,00
312e3,1999,00
75e5,1999,00
45e5,2000,00
103e6,2000,00
7e6,2000,00
11e7,2000,00
9e6,2000,00
3e7,2000,00
75e6,2000,00
6e7,2000,00
9e7,2000,00
75e6,2000,00
95e6,2000,00
19e6,2000,00
5e7,2000,00
1e8,2000,00
23e6,2000,00
93e6,2000,00
16e6,2000,00
26e6,2000,00
9e7,2000,00
33e6,2000,00
17e6,2000,00
123e6,2000,00
1e8,2000,00
125e6,2000,00
11e6,2000,00
52e6,2000,00
45e6,2000,00
25e6,2000,00
7e7,2000,00
85e6,2000,00
48e6,2000,00
45e6,2000,00
1e8,2000,00
73e6,2000,00
95e6,2000,00
23e6,2000,00
5e7,2000,00
5e6,2000,00
2e6,2000,00
3e7,2000,00
51e6,2000,00
6e6,2000,00
128e5,2000,00
1275e5,2000,00
48e6,2000,00
55e6,2000,00
4e7,2000,00
31e6,2000,00
45e6,2000,00
32e6,2000,00
14e7,2000,00
46e6,2000,00
413e5,2000,00
8e7,2000,00
4e7,2000,00
135e5,2000,00
13e6,2000,00
15e6,2000,00
7e6,2000,00
83e6,2000,00
84e6,2000,00
29e6,2000,00
11e6,2000,00
1e7,2000,00
6e7,2000,00
5e6,2000,00
8e7,2000,00
62e6,2000,00
29e6,2000,00
55e6,2000,00
57e6,2000,00
3e7,2000,00
65e6,2000,00
82e6,2000,00
43e6,2000,00
75e6,2000,00
38e6,2000,00
2e7,2000,00
25e6,2000,00
12e5,2000,00
54e6,2000,00
65e6,2000,00
43e6,2000,00
75e6,2000,00
8e6,2000,00
32e6,2000,00
45e6,2000,00
76e6,2000,00
6e7,2000,00
42e6,2000,00
8e7,2000,00
85e6,2000,00
35e6,2000,00
1e7,2000,00
2e7,2000,00
9e7,2000,00
25e6,2000,00
55e6,2000,00
65e6,2000,00
636e5,2000,00
24e6,2000,00
15e5,2000,00
15e6,2000,00
24e6,2000,00
65e6,2000,00
24e6,2000,00
3e7,2000,00
35e6,2000,00
6e6,2000,00
1e7,2000,00
14e6,2000,00
85e5,2000,00
6e6,2000,00
23e6,2000,00
19e6,2000,00
6e7,2000,00
35e6,2000,00
25e6,2000,00
35e6,2000,00
16e6,2000,00
24e6,2000,00
25e6,2000,00
2e7,2000,00
6e7,2000,00
1e7,2000,00
13e6,2000,00
3e7,2000,00
14e6,2000,00
35e6,2000,00
24e6,2000,00
65e6,2000,00
2e6,2000,00
1e6,2000,00
1e7,2000,00
5e7,2000,00
1e7,2000,00
18e5,2000,00
8e6,2000,00
1e7,2000,00
63e6,2000,00
15e6,2000,00
36e5,2000,00
15e5,2000,00
42e3,2000,00
15e4,2000,00
125e5,2000,00
1e6,2000,00
6e6,2000,00
13e6,2000,00
24e6,2000,00
8e6,2000,00
3e7,2000,00
85e5,2000,00
1e7,2000,00
12e4,2000,00
1e7,2000,00
16e6,2000,00
5e7,2000,00
3e6,2000,00
51e6,2000,00
15e6,2000,00
4e6,2000,00
25e4,2000,00
1e6,2000,00
25e6,2000,00
36e6,2000,00
1e6,2000,00
6e7,2000,00
1e6,2000,00
45e5,2000,00
1e6,2000,00
28e6,2000,00
5e6,2000,00
125e6,2001,04
93e6,2001,04
1e7,2001,04
15e6,2001,04
45e5,2001,04
19e6,2001,04
115e6,2001,04
58e6,2001,04
115e6,2001,04
45e6,2001,04
18e6,2001,04
92e6,2001,04
38e6,2001,04
6e7,2001,04
87e6,2001,04
53e6,2001,04
5e6,2001,04
1e8,2001,04
12e5,2001,04
85e6,2001,04
14e7,2001,04
17e6,2001,04
21e6,2001,04
5e7,2001,04
57e6,2001,04
1e8,2001,04
2e6,2001,04
26e6,2001,04
35e6,2001,04
15e6,2001,04
98e6,2001,04
68e6,2001,04
65e6,2001,04
12e7,2001,04
45e6,2001,04
35e6,2001,04
25e6,2001,04
42e6,2001,04
42e6,2001,04
3e7,2001,04
68e6,2001,04
28e6,2001,04
22e6,2001,04
28e6,2001,04
93e6,2001,04
107e6,2001,04
4e6,2001,04
22e6,2001,04
7e6,2001,04
48e6,2001,04
39e6,2001,04
68e6,2001,04
4e7,2001,04
68e6,2001,04
2e7,2001,04
11e6,2001,04
102e6,2001,04
35e6,2001,04
15e5,2001,04
9e7,2001,04
11e6,2001,04
177e5,2001,04
57e6,2001,04
45e5,2001,04
23e6,2001,04
6e7,2001,04
2e7,2001,04
13e6,2001,04
4e7,2001,04
198e5,2001,04
13e6,2001,04
8e7,2001,04
115e6,2001,04
16e6,2001,04
48e6,2001,04
35e6,2001,04
28e6,2001,04
5e7,2001,04
7e7,2001,04
2115e4,2001,04
15e5,2001,04
4e7,2001,04
75e6,2001,04
72e6,2001,04
1e7,2001,04
35e6,2001,04
6e6,2001,04
1e7,2001,04
6e7,2001,04
31e6,2001,04
7e6,2001,04
72e6,2001,04
27e6,2001,04
25e6,2001,04
23e6,2001,04
46e6,2001,04
48e6,2001,04
3e7,2001,04
39e6,2001,04
24e6,2001,04
6e7,2001,04
3e7,2001,04
49e6,2001,04
5e6,2001,04
22e6,2001,04
137e6,2001,04
22e6,2001,04
17e5,2001,04
28e6,2001,04
34e6,2001,04
14e6,2001,04
11e6,2001,04
75e6,2001,04
32e6,2001,04
18e6,2001,04
75e6,2001,04
94e6,2001,04
57e6,2001,04
6e6,2001,04
15e6,2001,04
47e6,2001,04
14e6,2001,04
5e7,2001,04
13e6,2001,04
62e6,2001,04
55e5,2001,04
5e7,2001,04
18e6,2001,04
35e6,2001,04
3e7,2001,04
53e6,2001,04
25e6,2001,04
49e6,2001,04
7e5,2001,04
9e7,2001,04
35e6,2001,04
4e7,2001,04
6e7,2001,04
38e6,2001,04
11e6,2001,04
13e6,2001,04
33e6,2001,04
1e6,2001,04
7e7,2001,04
1e5,2001,04
5e6,2001,04
35e6,2001,04
22e6,2001,04
4e7,2001,04
25e4,2001,04
45e5,2001,04
5e6,2001,04
7e6,2001,04
25e6,2001,04
16e6,2001,04
35e6,2001,04
6e6,2001,04
7e6,2001,04
3e6,2001,04
2e7,2001,04
15e6,2001,04
11e6,2001,04
3e7,2001,04
23e6,2001,04
12e6,2001,04
38e6,2001,04
7e6,2001,04
17e6,2001,04
7e6,2001,04
13e6,2001,04
7e6,2001,04
135e5,2001,04
1e7,2001,04
25e5,2001,04
1e8,2002,04
1e8,2002,04
139e6,2002,04
52e6,2002,04
33e5,2002,04
35e6,2002,04
11e6,2002,04
45e6,2002,04
8e6,2002,04
94e6,2002,04
48e6,2002,04
41e6,2002,04
84e6,2002,04
5e7,2002,04
102e6,2002,04
4e6,2002,04
6e7,2002,04
35e6,2002,04
8e7,2002,04
38e6,2002,04
115e6,2002,04
75e6,2002,04
48e6,2002,04
46e6,2002,04
25e6,2002,04
78e6,2002,04
33e6,2002,04
2e7,2002,04
142e6,2002,04
14e7,2002,04
72e6,2002,04
19e6,2002,04
54e6,2002,04
5e6,2002,04
6e7,2002,04
59e6,2002,04
7e7,2002,04
8e7,2002,04
63e6,2002,04
13e6,2002,04
12e6,2002,04
18e6,2002,04
14e7,2002,04
1e8,2002,04
6e6,2002,04
6e7,2002,04
6e7,2002,04
25e6,2002,04
35e6,2002,04
43e6,2002,04
47e6,2002,04
21e6,2002,04
3e7,2002,04
4e7,2002,04
31e6,2002,04
6428966,2002,04
35e6,2002,04
32e6,2002,04
6e7,2002,04
38e6,2002,04
8e6,2002,04
5e6,2002,04
15e5,2002,04
8e7,2002,04
8e7,2002,04
15e6,2002,04
3e7,2002,04
115e6,2002,04
85e6,2002,04
5e7,2002,04
68e6,2002,04
55e6,2002,04
36e6,2002,04
4e6,2002,04
7e7,2002,04
42e6,2002,04
15e6,2002,04
38e6,2002,04
21e6,2002,04
8e6,2002,04
29e6,2002,04
3e7,2002,04
5e7,2002,04
135e5,2002,04
34e6,2002,04
1e7,2002,04
12e6,2002,04
12e6,2002,04
3e7,2002,04
17e6,2002,04
4e6,2002,04
15e6,2002,04
1e7,2002,04
6e7,2002,04
3e7,2002,04
13e6,2002,04
5e5,2002,04
2e6,2002,04
2e7,2002,04
1e7,2002,04
2e7,2002,04
2e7,2002,04
1e7,2002,04
16e6,2002,04
35e6,2002,04
15e6,2002,04
65e6,2002,04
45e6,2002,04
4e7,2002,04
26e6,2002,04
4e7,2002,04
16e6,2002,04
35e6,2002,04
85e5,2002,04
2e7,2002,04
5e7,2002,04
35e6,2002,04
12e6,2002,04
3e7,2002,04
85e6,2002,04
7e7,2002,04
18e6,2002,04
16e6,2002,04
15e6,2002,04
7e7,2002,04
1e6,2002,04
35e5,2002,04
25e6,2002,04
1e7,2002,04
27e6,2002,04
1e8,2002,04
125e5,2002,04
12e7,2002,04
75e5,2002,04
7e7,2002,04
6e7,2002,04
55e6,2002,04
29e6,2002,04
12e6,2002,04
106e5,2002,04
3e7,2002,04
17e6,2002,04
6e6,2002,04
4e6,2002,04
12e5,2002,04
2e7,2002,04
25e6,2002,04
3e6,2002,04
42e6,2002,04
35e6,2002,04
1e7,2002,04
11e6,2002,04
7e7,2002,04
6e7,2002,04
35e5,2002,04
7e6,2002,04
125e5,2002,04
25e6,2002,04
1e7,2002,04
9e6,2002,04
11e6,2002,04
6e7,2002,04
55e6,2002,04
6e7,2002,04
9e6,2002,04
2e6,2002,04
13e6,2002,04
8e6,2002,04
14e6,2002,04
1e7,2002,04
18e5,2002,04
11e6,2002,04
5e5,2002,04
175e5,2002,04
4e6,2002,04
11e6,2002,04
25e6,2002,04
12e6,2002,04
156e5,2002,04
35e5,2002,04
25e4,2002,04
3e6,2002,04
11e6,2002,04
6e6,2003,04
14e7,2003,04
3e7,2003,04
94e6,2003,04
4e7,2003,04
3e6,2003,04
17e6,2003,04
25e6,2003,04
137e6,2003,04
94e6,2003,04
4e6,2003,04
92e5,2003,04
15e5,2003,04
45e5,2003,04
126e5,2003,04
4e7,2003,04
15e7,2003,04
2e7,2003,04
22e6,2003,04
7e7,2003,04
78e6,2003,04
14e7,2003,04
35e6,2003,04
2e8,2003,04
6e7,2003,04
3e7,2003,04
3e7,2003,04
24e6,2003,04
76e6,2003,04
15e7,2003,04
78e6,2003,04
1e8,2003,04
7e6,2003,04
68e6,2003,04
95e6,2003,04
79e6,2003,04
81e6,2003,04
11e7,2003,04
15e7,2003,04
22e6,2003,04
85e6,2003,04
33e6,2003,04
5e7,2003,04
109e6,2003,04
26e6,2003,04
12e7,2003,04
13e7,2003,04
55e6,2003,04
3e7,2003,04
26e6,2003,04
2e7,2003,04
5e7,2003,04
28e5,2003,04
15e6,2003,04
17e6,2003,04
29e6,2003,04
6e7,2003,04
48e6,2003,04
65e6,2003,04
1e7,2003,04
75e6,2003,04
35e6,2003,04
3e7,2003,04
12e4,2003,04
18e6,2003,04
7e7,2003,04
75e6,2003,04
38e6,2003,04
6e7,2003,04
2e7,2003,04
6e7,2003,04
8e7,2003,04
4e7,2003,04
8e7,2003,04
35e6,2003,04
26e6,2003,04
9e7,2003,04
5e7,2003,04
23e6,2003,04
3e7,2003,04
6e7,2003,04
62e6,2003,04
6e7,2003,04
46e6,2003,04
3e6,2003,04
128e6,2003,04
36e6,2003,04
16e6,2003,04
33e6,2003,04
35e6,2003,04
8e7,2003,04
8e7,2003,04
5e7,2003,04
5e6,2003,04
6e7,2003,04
55e6,2003,04
6e7,2003,04
6e7,2003,04
11e6,2003,04
18e6,2003,04
54e6,2003,04
12e6,2003,04
38e6,2003,04
55e6,2003,04
19e6,2003,04
18e6,2003,04
5e7,2003,04
45e6,2003,04
87e6,2003,04
2e7,2003,04
5e5,2003,04
7e6,2003,04
3e7,2003,04
35e6,2003,04
41e6,2003,04
56e6,2003,04
6e6,2003,04
2e7,2003,04
22e6,2003,04
12e6,2003,04
5e6,2003,04
18e6,2003,04
52e6,2003,04
4e7,2003,04
25e6,2003,04
352e5,2003,04
95e5,2003,04
17e6,2003,04
25e5,2003,04
4e7,2003,04
78e4,2003,04
1e7,2003,04
8e6,2003,04
15e6,2003,04
32e5,2003,04
17e6,2003,04
4e6,2003,04
3e5,2003,04
85e4,2003,04
14e6,2003,04
16e6,2003,04
2e7,2003,04
8e6,2003,04
17e6,2003,04
15e6,2003,04
5e6,2003,04
75e5,2003,04
68e5,2003,04
15e6,2003,04
3e7,2003,04
574e4,2003,04
15e6,2003,04
1e7,2003,04
2e4,2003,04
1e6,2003,04
29e6,2004,04
12e5,2004,04
175e6,2004,04
6e7,2004,04
66e6,2004,04
17e6,2004,04
13e7,2004,04
92e6,2004,04
2e7,2004,04
125e6,2004,04
3e7,2004,04
33e6,2004,04
25e6,2004,04
16e7,2004,04
7e7,2004,04
25e6,2004,04
37e6,2004,04
5e6,2004,04
65e5,2004,04
4e5,2004,04
3e7,2004,04
13e6,2004,04
12e6,2004,04
26e6,2004,04
3e7,2004,04
5e7,2004,04
27e6,2004,04
24e6,2004,04
11e7,2004,04
2e7,2004,04
12e7,2004,04
14e7,2004,04
37e6,2004,04
25e6,2004,04
2e8,2004,04
65e6,2004,04
12e7,2004,04
75e6,2004,04
15e7,2004,04
7e7,2004,04
155e6,2004,04
105e6,2004,04
2e7,2004,04
6e7,2004,04
12e6,2004,04
75e6,2004,04
26e6,2004,04
6e7,2004,04
1e8,2004,04
4e7,2004,04
65e6,2004,04
3e7,2004,04
11e7,2004,04
42e6,2004,04
25e6,2004,04
7e3,2004,04
9e6,2004,04
3e7,2004,04
35e6,2004,04
25e5,2004,04
9e7,2004,04
1e7,2004,04
1e7,2004,04
15e6,2004,04
165e6,2004,04
45e6,2004,04
27e5,2004,04
175e5,2004,04
4e7,2004,04
8e7,2004,04
8e7,2004,04
75e6,2004,04
45e6,2004,04
1e8,2004,04
2e7,2004,04
35e6,2004,04
56e6,2004,04
8e7,2004,04
8e7,2004,04
7e7,2004,04
11e7,2004,04
3e7,2004,04
28e6,2004,04
4e7,2004,04
4e7,2004,04
15e6,2004,04
47e6,2004,04
3e7,2004,04
25e6,2004,04
6e7,2004,04
45e6,2004,04
23e6,2004,04
18e6,2004,04
31e6,2004,04
35e5,2004,04
25e6,2004,04
27e6,2004,04
22e6,2004,04
35e6,2004,04
11e6,2004,04
42e6,2004,04
19e6,2004,04
35e6,2004,04
23e6,2004,04
12e6,2004,04
16e6,2004,04
57e6,2004,04
5e7,2004,04
86e5,2004,04
24e6,2004,04
4e7,2004,04
5e6,2004,04
1e8,2004,04
5e5,2004,04
8e6,2004,04
6e7,2004,04
58e6,2004,04
4e7,2004,04
23e6,2004,04
15e6,2004,04
3e7,2004,04
3e7,2004,04
18e6,2004,04
2e7,2004,04
5e6,2004,04
6e7,2004,04
7e6,2004,04
5e7,2004,04
26e6,2004,04
5e7,2004,04
107e6,2004,04
55e6,2004,04
25e6,2004,04
5e7,2004,04
2e7,2004,04
4e7,2004,04
4e7,2004,04
2e7,2004,04
42e5,2004,04
7e6,2004,04
5e7,2004,04
11e7,2004,04
26e6,2004,04
26e6,2004,04
12e6,2004,04
5e6,2004,04
1925e4,2004,04
28e6,2004,04
3e6,2004,04
8e6,2004,04
6e6,2004,04
35e6,2004,04
11e6,2004,04
65e5,2004,04
26e6,2004,04
27e6,2004,04
5e4,2004,04
25e6,2004,04
18e6,2004,04
18e6,2004,04
3e6,2004,04
1e6,2004,04
3e7,2004,04
12e6,2004,04
45e6,2004,04
2e7,2004,04
65e5,2004,04
2e7,2004,04
4e7,2005,04
15e7,2005,04
15e7,2005,04
15e7,2005,04
4e7,2005,04
54e6,2005,04
4e7,2005,04
28e6,2005,04
5e7,2005,04
14e6,2005,04
4e7,2005,04
18e7,2005,04
82e6,2005,04
48e5,2005,04
13e7,2005,04
113e6,2005,04
132e6,2005,04
1e8,2005,04
43e6,2005,04
28e6,2005,04
19e6,2005,04
7e7,2005,04
207e6,2005,04
26e6,2005,04
12e7,2005,04
4e6,2005,04
15e5,2005,04
7e6,2005,04
4e7,2005,04
35e6,2005,04
126e6,2005,04
15e6,2005,04
88e6,2005,04
72e6,2005,04
7e7,2005,04
53e6,2005,04
52e6,2005,04
32e6,2005,04
1e8,2005,04
15e6,2005,04
65e6,2005,04
25e6,2005,04
75e6,2005,04
5e7,2005,04
5e7,2005,04
95e4,2005,04
55e6,2005,04
85e6,2005,04
2e7,2005,04
3e7,2005,04
3e7,2005,04
6e7,2005,04
45e6,2005,04
5e7,2005,04
15e6,2005,04
3e6,2005,04
88e6,2005,04
62e6,2005,04
25e6,2005,04
6e7,2005,04
26e6,2005,04
75e6,2005,04
58e6,2005,04
475e3,2005,04
75e6,2005,04
3e7,2005,04
5e7,2005,04
7e7,2005,04
56e6,2005,04
3e7,2005,04
1e6,2005,04
15e7,2005,04
25e6,2005,04
22e6,2005,04
43e6,2005,04
5e7,2005,04
6e7,2005,04
79e5,2005,04
32e6,2005,04
15e6,2005,04
7e6,2005,04
45e6,2005,04
1e7,2005,04
13e7,2005,04
65e5,2005,04
5e7,2005,04
2e6,2005,04
5e7,2005,04
175e5,2005,04
17e6,2005,04
29e6,2005,04
45e6,2005,04
55e5,2005,04
2e7,2005,04
5e7,2005,04
2e6,2005,04
5e7,2005,04
84e6,2005,04
3e7,2005,04
6e7,2005,04
3e7,2005,04
4e7,2005,04
3e7,2005,04
193e5,2005,04
18e6,2005,04
35e6,2005,04
25e6,2005,04
1e8,2005,04
57e6,2005,04
75e5,2005,04
8e6,2005,04
22e6,2005,04
85e6,2005,04
3e7,2005,04
32e5,2005,04
2e7,2005,04
15e6,2005,04
3e7,2005,04
45e6,2005,04
45e6,2005,04
8e7,2005,04
32e6,2005,04
38e6,2005,04
3e7,2005,04
135e6,2005,04
45e6,2005,04
15e5,2005,04
9e5,2005,04
2e7,2005,04
25e6,2005,04
35e6,2005,04
25e6,2005,04
2e7,2005,04
14e6,2005,04
25e5,2005,04
1e7,2005,04
8e7,2005,04
3e7,2005,04
1e6,2005,04
3e7,2005,04
1e6,2005,04
331e5,2005,04
4e7,2005,04
2e7,2005,04
16e6,2005,04
25e6,2005,04
7e6,2005,04
3e7,2005,04
35e5,2005,04
1e6,2005,04
22e6,2005,04
22e6,2005,04
142e5,2005,04
4e6,2005,04
8e7,2005,04
1e7,2005,04
3e7,2005,04
4e6,2005,04
9e6,2005,04
169e3,2005,04
14e6,2005,04
2e6,2005,04
38e5,2005,04
2e7,2005,04
32e6,2005,04
16e6,2005,04
1e6,2005,04
35e6,2005,04
3e6,2005,04
68e5,2005,04
1e7,2005,04
33e6,2005,04
75e5,2005,04
35e5,2005,04
25e5,2005,04
125e5,2005,04
5e5,2005,04
4e7,2006,09
9e7,2006,09
65e6,2006,09
225e6,2006,09
35e6,2006,09
76e6,2006,09
15e7,2006,09
4e7,2006,09
35e6,2006,09
2e6,2006,09
12e7,2006,09
5e7,2006,09
55e6,2006,09
8e6,2006,09
7e5,2006,09
15e6,2006,09
85e6,2006,09
2e7,2006,09
85e6,2006,09
125e6,2006,09
4e7,2006,09
1e8,2006,09
35e6,2006,09
45e6,2006,09
25e6,2006,09
1e7,2006,09
16e6,2006,09
17e6,2006,09
16e6,2006,09
24e6,2006,09
21e7,2006,09
7e7,2006,09
52e6,2006,09
75e6,2006,09
12e6,2006,09
135e6,2006,09
209e6,2006,09
18e6,2006,09
725e5,2006,09
15e7,2006,09
18e6,2006,09
27e6,2006,09
11e7,2006,09
75e6,2006,09
2e7,2006,09
16e7,2006,09
7e7,2006,09
23e6,2006,09
15e6,2006,09
7e7,2006,09
26e6,2006,09
65e6,2006,09
9e7,2006,09
65e6,2006,09
1e8,2006,09
87e5,2006,09
21e6,2006,09
7e7,2006,09
2e6,2006,09
19e6,2006,09
12e6,2006,09
194e5,2006,09
38e6,2006,09
63e6,2006,09
155e5,2006,09
1e8,2006,09
4e7,2006,09
4e7,2006,09
9e7,2006,09
8e7,2006,09
6e6,2006,09
5e7,2006,09
149e6,2006,09
25e6,2006,09
15e6,2006,09
3e7,2006,09
1e7,2006,09
32e6,2006,09
15e6,2006,09
33e6,2006,09
4e7,2006,09
12e6,2006,09
4e7,2006,09
2e7,2006,09
175e5,2006,09
5e7,2006,09
25e6,2006,09
4e6,2006,09
28e6,2006,09
33e6,2006,09
45e6,2006,09
5e7,2006,09
4e6,2006,09
1e7,2006,09
21e6,2006,09
7e7,2006,09
15e6,2006,09
65e6,2006,09
1e7,2006,09
1e6,2006,09
35e6,2006,09
15e6,2006,09
55e6,2006,09
2e7,2006,09
13e6,2006,09
8e7,2006,09
5e6,2006,09
64e6,2006,09
17e6,2006,09
17e6,2006,09
4e7,2006,09
2e7,2006,09
3e7,2006,09
28e6,2006,09
3e7,2006,09
86e6,2006,09
9e6,2006,09
85e6,2006,09
15e5,2006,09
9e6,2006,09
18e6,2006,09
52e6,2006,09
5e7,2006,09
54e6,2006,09
6e7,2006,09
2e7,2006,09
6e7,2006,09
1e6,2006,09
35e6,2006,09
45e6,2006,09
1e5,2006,09
12e6,2006,09
5e7,2006,09
3e7,2006,09
4e7,2006,09
12e6,2006,09
14e6,2006,09
3e7,2006,09
7e6,2006,09
6e6,2006,09
8e6,2006,09
5e7,2006,09
51e6,2006,09
168e5,2006,09
13e6,2006,09
2e7,2006,09
12e6,2006,09
5e5,2006,09
65e5,2006,09
6e6,2006,09
6e7,2006,09
2e7,2006,09
37e5,2006,09
5e7,2006,09
2e7,2006,09
17e6,2006,09
45e6,2006,09
8e7,2006,09
13e6,2006,09
26e6,2006,09
13e6,2006,09
2e7,2006,09
18e6,2006,09
5e5,2006,09
32e6,2006,09
15e6,2006,09
26e6,2006,09
8e6,2006,09
15e7,2007,09
25e6,2007,09
65e6,2007,09
7e7,2007,09
15e7,2007,09
61e6,2007,09
25e6,2007,09
15e6,2007,09
18e6,2007,09
19e6,2007,09
3e8,2007,09
2e7,2007,09
15e7,2007,09
3e7,2007,09
3e7,2007,09
258e6,2007,09
15e6,2007,09
75e6,2007,09
15e7,2007,09
3e7,2007,09
75e5,2007,09
15e6,2007,09
85e6,2007,09
18e7,2007,09
1e8,2007,09
5e7,2007,09
11e7,2007,09
15e7,2007,09
15e6,2007,09
3e7,2007,09
25e6,2007,09
3e7,2007,09
24e6,2007,09
11e7,2007,09
45e6,2007,09
53e6,2007,09
17e6,2007,09
11e7,2007,09
175e5,2007,09
1e7,2007,09
2e7,2007,09
32e6,2007,09
1e7,2007,09
14e7,2007,09
55e6,2007,09
16e7,2007,09
175e6,2007,09
12e6,2007,09
4e7,2007,09
2e7,2007,09
32e6,2007,09
1e7,2007,09
85e6,2007,09
15e7,2007,09
21e6,2007,09
45e6,2007,09
6e7,2007,09
15e3,2007,09
2e7,2007,09
75e6,2007,09
75e6,2007,09
5e7,2007,09
22e6,2007,09
85e6,2007,09
45e6,2007,09
13e7,2007,09
7e7,2007,09
25e6,2007,09
9e6,2007,09
39e6,2007,09
13e7,2007,09
25e6,2007,09
25e6,2007,09
61e6,2007,09
35e6,2007,09
6e7,2007,09
2e7,2007,09
15e7,2007,09
2e7,2007,09
25e6,2007,09
4e6,2007,09
6e7,2007,09
2e7,2007,09
2e7,2007,09
15e6,2007,09
8e7,2007,09
18e6,2007,09
4e7,2007,09
55e6,2007,09
86e5,2007,09
35e6,2007,09
26e5,2007,09
7e7,2007,09
2e7,2007,09
1e7,2007,09
35e6,2007,09
19e6,2007,09
2e7,2007,09
15e5,2007,09
275e5,2007,09
60795e3,2007,09
21e6,2007,09
3e7,2007,09
165e5,2007,09
2e7,2007,09
5e6,2007,09
1e8,2007,09
25e6,2007,09
7e7,2007,09
2e7,2007,09
3e7,2007,09
34e6,2007,09
12e6,2007,09
46e5,2007,09
2e7,2007,09
22e6,2007,09
27e6,2007,09
28e6,2007,09
165e5,2007,09
2e7,2007,09
6e7,2007,09
45e6,2007,09
73e5,2007,09
4e7,2007,09
1e7,2007,09
15e6,2007,09
1e7,2007,09
5e6,2007,09
17e6,2007,09
8e6,2007,09
65e6,2007,09
2e7,2007,09
12e6,2007,09
6e6,2007,09
2e6,2007,09
16e6,2007,09
35e6,2007,09
12e6,2007,09
15e6,2007,09
4e7,2007,09
16e6,2007,09
14e6,2007,09
2e7,2007,09
1e8,2007,09
1e7,2007,09
38e5,2007,09
28e6,2007,09
16e6,2007,09
25e6,2007,09
2e7,2007,09
16e6,2007,09
2e7,2007,09
2e7,2007,09
11e6,2007,09
375e4,2007,09
26e5,2007,09
15e6,2007,09
13e6,2007,09
15e6,2007,09
35e5,2007,09
8e6,2007,09
4e6,2007,09
35e5,2007,09
1e7,2007,09
35e6,2007,09
6e6,2007,09
26e6,2007,09
45e6,2007,09
1e7,2007,09
55e6,2007,09
185e6,2008,09
37e6,2008,09
85e6,2008,09
25e6,2008,09
52e6,2008,09
1e7,2008,09
92e6,2008,09
14e7,2008,09
25e6,2008,09
15e7,2008,09
18e6,2008,09
6e6,2008,09
75e6,2008,09
15e6,2008,09
18e7,2008,09
15e7,2008,09
65e6,2008,09
15e6,2008,09
65e6,2008,09
33e6,2008,09
35e6,2008,09
125e5,2008,09
2e8,2008,09
3e7,2008,09
15e6,2008,09
25e6,2008,09
27e6,2008,09
3e7,2008,09
185e6,2008,09
155e5,2008,09
35e6,2008,09
35e6,2008,09
145e6,2008,09
15e7,2008,09
7e7,2008,09
13e7,2008,09
9e7,2008,09
24e6,2008,09
48e6,2008,09
75e6,2008,09
32e6,2008,09
225e6,2008,09
5e7,2008,09
7e7,2008,09
8e7,2008,09
55e6,2008,09
28e6,2008,09
85e6,2008,09
4e6,2008,09
2e7,2008,09
35e6,2008,09
3e7,2008,09
37e6,2008,09
5e7,2008,09
9e7,2008,09
55e6,2008,09
2e7,2008,09
35e6,2008,09
45e6,2008,09
19e6,2008,09
4e7,2008,09
45e6,2008,09
7e7,2008,09
2e7,2008,09
15e7,2008,09
108e5,2008,09
15e6,2008,09
2e7,2008,09
7e7,2008,09
35e6,2008,09
34e6,2008,09
251e5,2008,09
105e6,2008,09
6e7,2008,09
13e7,2008,09
12e7,2008,09
6e7,2008,09
32e6,2008,09
165e5,2008,09
8e7,2008,09
12e6,2008,09
21e6,2008,09
2e7,2008,09
35e6,2008,09
8e7,2008,09
85e6,2008,09
175e5,2008,09
2e7,2008,09
11e6,2008,09
37e6,2008,09
6e7,2008,09
15e7,2008,09
55e6,2008,09
8e6,2008,09
3e7,2008,09
2e7,2008,09
55e6,2008,09
3e7,2008,09
4e7,2008,09
29e5,2008,09
9e6,2008,09
55e6,2008,09
8e7,2008,09
12e6,2008,09
3e7,2008,09
2e7,2008,09
25e6,2008,09
11e6,2008,09
2e7,2008,09
4e7,2008,09
8e6,2008,09
22e6,2008,09
25e6,2008,09
115e5,2008,09
2e7,2008,09
147e5,2008,09
8e6,2008,09
25e6,2008,09
15e6,2008,09
6e7,2008,09
35e6,2008,09
3e7,2008,09
6e6,2008,09
4e7,2008,09
27e6,2008,09
8e6,2008,09
2e7,2008,09
3e7,2008,09
35e6,2008,09
12e6,2008,09
2e7,2008,09
9e6,2008,09
4e7,2008,09
25e6,2008,09
5e5,2008,09
85e5,2008,09
12e6,2008,09
15e5,2008,09
8e7,2008,09
2e7,2008,09
3e7,2008,09
12e5,2008,09
58e6,2008,09
1e7,2008,09
35e6,2008,09
4e7,2008,09
12e6,2008,09
62e6,2008,09
3e6,2008,09
85e5,2008,09
15e6,2008,09
25e6,2008,09
5e6,2008,09
2e7,2008,09
6e7,2008,09
5e6,2008,09
1e7,2008,09
22e6,2008,09
21e6,2008,09
1e7,2008,09
25e6,2008,09
27e6,2008,09
18e6,2008,09
15e5,2008,09
25e6,2008,09
2e7,2008,09
6e7,2008,09
25e6,2008,09
25e6,2008,09
6e6,2008,09
2e7,2008,09
35e5,2008,09
5e6,2008,09
22e6,2008,09
35e6,2008,09
8e6,2008,09
45e6,2008,09
7e6,2008,09
1e7,2008,09
13e6,2008,09
65e5,2008,09
9e6,2008,09
1e7,2008,09
13e7,2009,09
237e6,2009,09
75e6,2009,09
15e7,2009,09
35e6,2009,09
25e7,2009,09
4e7,2009,09
236e5,2009,09
25e6,2009,09
29e6,2009,09
19e6,2009,09
9e7,2009,09
2e8,2009,09
6e7,2009,09
15e7,2009,09
175e6,2009,09
47e6,2009,09
11e6,2009,09
75e5,2009,09
2e8,2009,09
5e6,2009,09
2e8,2009,09
2e6,2009,09
13e6,2009,09
3e7,2009,09
3e7,2009,09
15e7,2009,09
16e6,2009,09
11e6,2009,09
4e7,2009,09
25e6,2009,09
5e7,2009,09
65e6,2009,09
3e7,2009,09
175e6,2009,09
15e6,2009,09
85e6,2009,09
65e6,2009,09
4e7,2009,09
33e6,2009,09
1e8,2009,09
2e7,2009,09
7e6,2009,09
8e7,2009,09
5e7,2009,09
15e6,2009,09
105e6,2009,09
4e7,2009,09
4e7,2009,09
4e7,2009,09
35e6,2009,09
26e6,2009,09
9e5,2009,09
15e6,2009,09
38e6,2009,09
6e7,2009,09
2e7,2009,09
4e7,2009,09
3e7,2009,09
4e7,2009,09
2e7,2009,09
8e7,2009,09
5e6,2009,09
85e5,2009,09
38e6,2009,09
75e6,2009,09
1e7,2009,09
11e6,2009,09
5e7,2009,09
3e7,2009,09
6e7,2009,09
3e7,2009,09
5e7,2009,09
26e6,2009,09
35e6,2009,09
2e7,2009,09
175e6,2009,09
26e6,2009,09
1e8,2009,09
39e6,2009,09
5e7,2009,09
7e6,2009,09
1e8,2009,09
25e6,2009,09
6e6,2009,09
16e6,2009,09
6e6,2009,09
6e7,2009,09
15e7,2009,09
1e8,2009,09
26e6,2009,09
85e6,2009,09
1e8,2009,09
2e7,2009,09
7e6,2009,09
16e6,2009,09
35e6,2009,09
3e7,2009,09
7e7,2009,09
2e7,2009,09
42e6,2009,09
1e7,2009,09
4e7,2009,09
15e6,2009,09
35e6,2009,09
22e6,2009,09
185e5,2009,09
8e6,2009,09
9e7,2009,09
75e6,2009,09
14e6,2009,09
15e6,2009,09
2e8,2009,09
5e7,2009,09
35e6,2009,09
8e6,2009,09
17e6,2009,09
29e5,2009,09
22e6,2009,09
18e6,2009,09
13e6,2009,09
15e6,2009,09
17e5,2009,09
18e6,2009,09
18e6,2009,09
18e6,2009,09
6e7,2009,09
17e6,2009,09
39e5,2009,09
73e5,2009,09
8e6,2009,09
2e7,2009,09
5e6,2009,09
16e6,2009,09
6e7,2009,09
45e5,2009,09
8e5,2009,09
45e6,2009,09
18e6,2009,09
21e6,2009,09
15e7,2009,09
18e6,2009,09
4e7,2009,09
19e6,2009,09
5e6,2009,09
7e7,2009,09
65e6,2009,09
7e7,2009,09
58e6,2009,09
23e6,2009,09
22e6,2009,09
4e7,2009,09
18e6,2009,09
3e7,2009,09
56e5,2009,09
1e7,2009,09
35e5,2009,09
27e6,2009,09
15e6,2009,09
17e6,2009,09
6e6,2009,09
8e5,2009,09
8e6,2009,09
4e6,2009,09
65e5,2009,09
75e5,2009,09
12e6,2009,09
5e6,2009,09
1e7,2009,09
13e6,2009,09
3e6,2009,09
25e6,2009,09
16e7,2010,09
13e6,2010,09
6e7,2010,09
8e7,2010,09
3e7,2010,09
2e7,2010,09
125e6,2010,09
68e5,2010,09
15e5,2010,09
4e7,2010,09
69e6,2010,09
37e6,2010,09
26e7,2010,09
95e6,2010,09
15e6,2010,09
8e6,2010,09
2e8,2010,09
3e7,2010,09
17e7,2010,09
26e6,2010,09
2e8,2010,09
38e6,2010,09
35e6,2010,09
58e6,2010,09
8e7,2010,09
1e8,2010,09
11e7,2010,09
117e6,2010,09
2e8,2010,09
35e5,2010,09
2e6,2010,09
165e6,2010,09
16e6,2010,09
2e8,2010,09
25e6,2010,09
15e6,2010,09
8e7,2010,09
35e6,2010,09
2e7,2010,09
2e8,2010,09
11e7,2010,09
8e7,2010,09
15e7,2010,09
38e6,2010,09
55e6,2010,09
55e6,2010,09
18e6,2010,09
4e7,2010,09
35e6,2010,09
1e8,2010,09
19e6,2010,09
4e7,2010,09
68e6,2010,09
55e6,2010,09
2e6,2010,09
24e6,2010,09
36e6,2010,09
1e8,2010,09
24e6,2010,09
12e6,2010,09
15e6,2010,09
15e6,2010,09
52e6,2010,09
8e7,2010,09
44e6,2010,09
2e7,2010,09
13e7,2010,09
3e6,2010,09
165e6,2010,09
14e6,2010,09
1e8,2010,09
2e7,2010,09
155e6,2010,09
105e5,2010,09
15e7,2010,09
7e7,2010,09
25e6,2010,09
6e7,2010,09
65e6,2010,09
25e6,2010,09
2e7,2010,09
8e6,2010,09
1e8,2010,09
25e5,2010,09
2e7,2010,09
6e7,2010,09
1e7,2010,09
19e6,2010,09
45e6,2010,09
15e7,2010,09
2e7,2010,09
47e6,2010,09
35e6,2010,09
4e7,2010,09
1e7,2010,09
1e7,2010,09
12e7,2010,09
7e6,2010,09
2e7,2010,09
32e5,2010,09
75e6,2010,09
3e7,2010,09
5e6,2010,09
95e5,2010,09
52e6,2010,09
1e8,2010,09
35e5,2010,09
5e7,2010,09
28e6,2010,09
2e7,2010,09
8e6,2010,09
6e6,2010,09
8e7,2010,09
22e6,2010,09
37e6,2010,09
3e7,2010,09
23e6,2010,09
2e7,2010,09
25e6,2010,09
12e6,2010,09
32e6,2010,09
2e7,2010,09
4e7,2010,09
15e6,2010,09
48e6,2010,09
65e4,2010,09
35e6,2010,09
5e5,2010,09
22e6,2010,09
13e6,2010,09
112e6,2010,09
25e6,2010,09
1e7,2010,09
3e6,2010,09
18e5,2010,09
22e6,2010,09
32e6,2010,09
7e6,2010,09
8e6,2010,09
4e6,2010,09
125e5,2010,09
25e6,2010,09
25e6,2010,09
2e7,2010,09
7e6,2010,09
8e7,2010,09
15e6,2010,09
5e5,2010,09
1e7,2010,09
25e6,2010,09
72e5,2010,09
45e5,2010,09
5e6,2010,09
45e6,2010,09
25e6,2010,09
31e6,2010,09
8e5,2010,09
5e7,2010,09
2e7,2010,09
15e6,2010,09
12e6,2010,09
85e6,2010,09
35e6,2010,09
1e7,2010,09
65e3,2010,09
2e7,2010,09
125e6,2011,14
163e6,2011,14
25e7,2011,14
15e6,2011,14
25e6,2011,14
5e7,2011,14
9e7,2011,14
325e5,2011,14
82e6,2011,14
15e7,2011,14
14e7,2011,14
25e6,2011,14
16e7,2011,14
2e8,2011,14
27e6,2011,14
75e6,2011,14
5e7,2011,14
93e6,2011,14
6e7,2011,14
195e6,2011,14
4e7,2011,14
5e7,2011,14
17e6,2011,14
32e6,2011,14
145e6,2011,14
8e7,2011,14
4e7,2011,14
35e6,2011,14
6e7,2011,14
65e5,2011,14
4e7,2011,14
35e6,2011,14
2e7,2011,14
15e7,2011,14
1e6,2011,14
5e7,2011,14
15e6,2011,14
25e6,2011,14
11e7,2011,14
7e6,2011,14
125e6,2011,14
74e5,2011,14
125e6,2011,14
3e7,2011,14
502e5,2011,14
13e6,2011,14
25e6,2011,14
11e7,2011,14
135e6,2011,14
6e6,2011,14
38e6,2011,14
9e7,2011,14
32e6,2011,14
2e7,2011,14
4e7,2011,14
52e6,2011,14
6e7,2011,14
5e5,2011,14
24e6,2011,14
35e6,2011,14
11e6,2011,14
18e6,2011,14
75e6,2011,14
8e6,2011,14
36e6,2011,14
8e7,2011,14
2e8,2011,14
11e5,2011,14
135e6,2011,14
4e7,2011,14
499e5,2011,14
66e6,2011,14
45e6,2011,14
4e7,2011,14
125e5,2011,14
15e6,2011,14
35e6,2011,14
7e7,2011,14
35e5,2011,14
3e7,2011,14
9e7,2011,14
11e7,2011,14
25e4,2011,14
13e6,2011,14
5e6,2011,14
3e7,2011,14
17e6,2011,14
4e7,2011,14
15e7,2011,14
4e6,2011,14
1e5,2011,14
57e6,2011,14
42e6,2011,14
16e6,2011,14
38e6,2011,14
23e6,2011,14
2e7,2011,14
25e6,2011,14
23e6,2011,14
75e6,2011,14
5e7,2011,14
1e7,2011,14
55e6,2011,14
56e6,2011,14
3e7,2011,14
7e7,2011,14
37e6,2011,14
27e6,2011,14
2e7,2011,14
6e6,2011,14
4e7,2011,14
35e6,2011,14
45e6,2011,14
13e6,2011,14
25e6,2011,14
75e4,2011,14
7e7,2011,14
28e6,2011,14
12e7,2011,14
35e6,2011,14
45e6,2011,14
3e7,2011,14
4e7,2011,14
36e6,2011,14
12e6,2011,14
15e6,2011,14
5e6,2011,14
25e6,2011,14
3e7,2011,14
2e6,2011,14
79e6,2011,14
17e6,2011,14
13e7,2011,14
12e6,2011,14
63e6,2011,14
25e6,2011,14
37e6,2011,14
8e7,2011,14
21e6,2011,14
55e6,2011,14
3e7,2011,14
94e6,2011,14
3e6,2011,14
12e6,2011,14
21e6,2011,14
3e7,2011,14
3e6,2011,14
135e6,2011,14
3e7,2011,14
5e6,2011,14
1e7,2011,14
5e6,2011,14
19e6,2011,14
14e6,2011,14
8e6,2011,14
5e6,2011,14
7e6,2011,14
75e6,2011,14
2e6,2011,14
4e7,2011,14
2e6,2011,14
41e6,2011,14
8e6,2011,14
13e6,2011,14
1e7,2011,14
1092e4,2011,14
2e7,2011,14
5e6,2011,14
13e6,2011,14
66e5,2011,14
22e6,2011,14
32e6,2011,14
167e5,2011,14
8e6,2011,14
25e7,2012,14
1e8,2012,14
78e6,2012,14
22e7,2012,14
13e7,2012,14
18e7,2012,14
17e6,2012,14
6e7,2012,14
13e6,2012,14
102e6,2012,14
12e7,2012,14
3e7,2012,14
61e6,2012,14
16e6,2012,14
2e8,2012,14
42e6,2012,14
209e6,2012,14
3e7,2012,14
4e7,2012,14
17e7,2012,14
21e6,2012,14
5e7,2012,14
15e7,2012,14
23e7,2012,14
15e6,2012,14
445e5,2012,14
38e5,2012,14
7e6,2012,14
125e6,2012,14
45e6,2012,14
5e6,2012,14
165e6,2012,14
185e6,2012,14
35e6,2012,14
26e6,2012,14
3e6,2012,14
25e7,2012,14
65e6,2012,14
75e6,2012,14
225e6,2012,14
31e6,2012,14
5e7,2012,14
32e6,2012,14
7e6,2012,14
12e7,2012,14
85e6,2012,14
65e6,2012,14
7e7,2012,14
3e7,2012,14
12e6,2012,14
125e6,2012,14
45e6,2012,14
65e6,2012,14
15e6,2012,14
2e6,2012,14
35e6,2012,14
25e6,2012,14
145e6,2012,14
15e7,2012,14
79e6,2012,14
2e7,2012,14
85e6,2012,14
8e6,2012,14
1e7,2012,14
7e7,2012,14
1e8,2012,14
65e6,2012,14
4e7,2012,14
45e6,2012,14
3e6,2012,14
12e6,2012,14
17e6,2012,14
3e7,2012,14
15e6,2012,14
69e6,2012,14
2e7,2012,14
69e5,2012,14
25e6,2012,14
6e6,2012,14
65e6,2012,14
1e7,2012,14
7e7,2012,14
26e6,2012,14
42e6,2012,14
6e6,2012,14
1e7,2012,14
11e6,2012,14
85e6,2012,14
2e7,2012,14
6e7,2012,14
6e7,2012,14
4e7,2012,14
15e6,2012,14
95e6,2012,14
42e6,2012,14
5e6,2012,14
3e7,2012,14
12e6,2012,14
25e5,2012,14
35e6,2012,14
2e7,2012,14
25e6,2012,14
125e5,2012,14
89e5,2012,14
14e6,2012,14
145e6,2012,14
39e6,2012,14
68e6,2012,14
12e6,2012,14
95e6,2012,14
16e6,2012,14
75e4,2012,14
25e5,2012,14
1e7,2012,14
33e6,2012,14
1e7,2012,14
25e6,2012,14
27e4,2012,14
166e5,2012,14
12e6,2012,14
6e7,2012,14
35e6,2012,14
55e6,2012,14
12e6,2012,14
35e6,2012,14
1e6,2012,14
1e6,2012,14
18e5,2012,14
22e6,2012,14
12e6,2012,14
2e6,2012,14
205e5,2012,14
2e6,2012,14
58e6,2012,14
15e6,2012,14
35e6,2012,14
2e7,2012,14
25e5,2012,14
4e7,2012,14
15e6,2012,14
29e5,2012,14
14e6,2012,14
5e6,2012,14
55e6,2012,14
3e7,2012,14
75e4,2012,14
6e6,2012,14
25e6,2012,14
85e4,2012,14
11e6,2012,14
4e7,2012,14
115e5,2012,14
4e7,2012,14
6e6,2012,14
25e6,2012,14
16e6,2012,14
5e5,2012,14
17e6,2012,14
2635e4,2012,14
2e7,2012,14
64e5,2012,14
7395080,2012,14
3e6,2012,14
2e7,2012,14
3e6,2012,14
2e6,2012,14
798e4,2012,14
1e8,2013,14
2e7,2013,14
46e6,2013,14
15e7,2013,14
75e6,2013,14
2e7,2013,14
23e6,2013,14
225e6,2013,14
37e6,2013,14
105e6,2013,14
19e7,2013,14
13e7,2013,14
4e7,2013,14
1e8,2013,14
2e7,2013,14
19e7,2013,14
2e8,2013,14
7e7,2013,14
12e7,2013,14
5e6,2013,14
12e6,2013,14
19e7,2013,14
6e7,2013,14
4e7,2013,14
3e7,2013,14
17e7,2013,14
38e6,2013,14
32e6,2013,14
392e5,2013,14
3e6,2013,14
16e7,2013,14
6e6,2013,14
8e7,2013,14
28e6,2013,14
225e6,2013,14
6e7,2013,14
25e6,2013,14
17e6,2013,14
9e7,2013,14
115e6,2013,14
2e7,2013,14
43e6,2013,14
3e7,2013,14
133e5,2013,14
76e6,2013,14
3e6,2013,14
6e7,2013,14
3e7,2013,14
5e7,2013,14
28e6,2013,14
13e7,2013,14
6e6,2013,14
5e7,2013,14
11e7,2013,14
22e6,2013,14
5e6,2013,14
26e6,2013,14
12e6,2013,14
135e6,2013,14
45e6,2013,14
5e4,2013,14
12e7,2013,14
35e6,2013,14
2e7,2013,14
55e6,2013,14
25e5,2013,14
103e6,2013,14
58e6,2013,14
215e6,2013,14
215e6,2013,14
16e6,2013,14
2e8,2013,14
48e5,2013,14
15e7,2013,14
11e6,2013,14
5e6,2013,14
3e7,2013,14
9e7,2013,14
84e6,2013,14
8e6,2013,14
38e6,2013,14
4e7,2013,14
5e6,2013,14
4e7,2013,14
92e6,2013,14
13e7,2013,14
5e6,2013,14
175e6,2013,14
18e6,2013,14
3e7,2013,14
22e6,2013,14
25e6,2013,14
195e6,2013,14
13e7,2013,14
13e6,2013,14
3e7,2013,14
11e6,2013,14
2e7,2013,14
7e6,2013,14
35e6,2013,14
35e6,2013,14
2e7,2013,14
61e6,2013,14
12e6,2013,14
3e6,2013,14
15e6,2013,14
1e7,2013,14
8e6,2013,14
35e6,2013,14
35e6,2013,14
19e6,2013,14
5e7,2013,14
105e6,2013,14
13e6,2013,14
1066167,2013,14
3e7,2013,14
85e5,2013,14
28e6,2013,14
109e5,2013,14
2e7,2013,14
12e6,2013,14
3e7,2013,14
9e6,2013,14
12e6,2013,14
5e4,2013,14
8e6,2013,14
28e6,2013,14
1e8,2013,14
26e6,2013,14
15e5,2013,14
35e5,2013,14
18e6,2013,14
2e7,2013,14
78e6,2013,14
25e4,2013,14
3e7,2013,14
28e6,2013,14
35e6,2013,14
16e6,2013,14
9e5,2013,14
18e6,2013,14
35e6,2013,14
4e7,2013,14
15e6,2013,14
135e6,2013,14
25e5,2013,14
4e6,2013,14
5e7,2013,14
15e6,2013,14
4e6,2013,14
33e5,2013,14
7e6,2013,14
25e6,2013,14
65e5,2013,14
255e5,2013,14
85e5,2013,14
5e6,2013,14
1e7,2013,14
5e6,2013,14
1e6,2013,14
35e6,2013,14
386e5,2013,14
17e6,2013,14
3e7,2013,14
12e6,2013,14
11e6,2013,14
81e6,2014,14
165e6,2014,14
17e7,2014,14
15e6,2014,14
61e6,2014,14
2e7,2014,14
25e6,2014,14
33e5,2014,14
34e6,2014,14
65e5,2014,14
2e6,2014,14
85e6,2014,14
14e6,2014,14
17e7,2014,14
178e6,2014,14
55e6,2014,14
21e7,2014,14
5e7,2014,14
68e6,2014,14
12e6,2014,14
18e6,2014,14
85e5,2014,14
2e8,2014,14
2e6,2014,14
588e5,2014,14
17e7,2014,14
6e7,2014,14
15e5,2014,14
4e7,2014,14
2e8,2014,14
165e6,2014,14
18e7,2014,14
125e6,2014,14
15e6,2014,14
25e7,2014,14
1e8,2014,14
8e7,2014,14
125e6,2014,14
44e6,2014,14
9e7,2014,14
33e5,2014,14
25e6,2014,14
16e5,2014,14
11e7,2014,14
8e6,2014,14
4e7,2014,14
16e7,2014,14
5e7,2014,14
11e6,2014,14
14e7,2014,14
4e7,2014,14
65e6,2014,14
7e7,2014,14
65e6,2014,14
95e6,2014,14
1e6,2014,14
48e6,2014,14
4e7,2014,14
26e6,2014,14
4e6,2014,14
65e6,2014,14
4e7,2014,14
2e7,2014,14
1e6,2014,14
6e7,2014,14
15e6,2014,14
3e6,2014,14
66e6,2014,14
5e7,2014,14
18e6,2014,14
1e8,2014,14
127e6,2014,14
126e5,2014,14
11e6,2014,14
145e6,2014,14
5e6,2014,14
125e6,2014,14
7e7,2014,14
3e7,2014,14
1e8,2014,14
24e6,2014,14
13e6,2014,14
14e6,2014,14
25e6,2014,14
8e6,2014,14
1e7,2014,14
9e6,2014,14
5e7,2014,14
5e7,2014,14
5e7,2014,14
35e6,2014,14
5e6,2014,14
17e6,2014,14
42e6,2014,14
2e7,2014,14
198e5,2014,14
3e7,2014,14
6e7,2014,14
22e6,2014,14
2e7,2014,14
168e5,2014,14
3e7,2014,14
28e6,2014,14
22e6,2014,14
28e6,2014,14
5e6,2014,14
7e7,2014,14
4e6,2014,14
55e6,2014,14
7e6,2014,14
45e5,2014,14
5e6,2014,14
65e6,2014,14
2e7,2014,14
16e6,2014,14
19e6,2014,14
16e6,2014,14
15e6,2014,14
1e7,2014,14
132e6,2014,14
35e6,2014,14
15e6,2014,14
5e6,2014,14
25e6,2014,14
1e5,2014,14
16e6,2014,14
1e7,2014,14
2e6,2014,14
45e6,2014,14
145e6,2014,14
28e6,2014,14
6e6,2014,14
28e6,2014,14
225e5,2014,14
15e6,2014,14
2e6,2014,14
42e6,2014,14
17e6,2014,14
5e6,2014,14
103e6,2014,14
4e7,2014,14
6e6,2014,14
2e7,2014,14
5e5,2014,14
25e6,2014,14
5e6,2014,14
6e7,2014,14
24e5,2014,14
7e6,2014,14
12e6,2014,14
2e7,2014,14
25e6,2014,14
1e6,2014,14
18e6,2014,14
85e5,2014,14
5e6,2014,14
24e6,2014,14
125e5,2014,14
1e6,2014,14
5e6,2014,14
15e6,2014,14
5e6,2014,14
5e7,2014,14
13e6,2014,14
132e5,2014,14
15e6,2014,14
4e6,2014,14
12e6,2014,14
5e6,2014,14
4e6,2014,14
6e6,2014,14
3e6,2014,14
2e5,2014,14
1e6,2014,14
245e6,2015,14
15e7,2015,14
44e6,2015,14
11e7,2015,14
3e7,2015,14
4e7,2015,14
155e6,2015,14
135e6,2015,14
108e6,2015,14
61e6,2015,14
245e6,2015,14
15e7,2015,14
35e5,2015,14
13e6,2015,14
95e6,2015,14
28e6,2015,14
3e7,2015,14
65e6,2015,14
25e7,2015,14
19e7,2015,14
75e6,2015,14
15e6,2015,14
175e6,2015,14
176e6,2015,14
25e5,2015,14
2e7,2015,14
118e5,2015,14
15e7,2015,14
19e7,2015,14
29e6,2015,14
2e7,2015,14
55e6,2015,14
13e7,2015,14
28e6,2015,14
16e7,2015,14
5e6,2015,14
25e6,2015,14
53e6,2015,14
55e6,2015,14
3e7,2015,14
35e6,2015,14
11e7,2015,14
35e6,2015,14
85e5,2015,14
35e6,2015,14
5e6,2015,14
105e6,2015,14
8e7,2015,14
5e7,2015,14
4e7,2015,14
3e7,2015,14
31e6,2015,14
9e7,2015,14
12e7,2015,14
501e5,2015,14
35e6,2015,14
49e6,2015,14
11e6,2015,14
74e6,2015,14
37e6,2015,14
1e7,2015,14
148e5,2015,14
5e6,2015,14
34e6,2015,14
1e8,2015,14
6e7,2015,14
88e6,2015,14
12e6,2015,14
35e6,2015,14
4e7,2015,14
68e6,2015,14
2e6,2015,14
58e6,2015,14
2e6,2015,14
15e6,2015,14
5e7,2015,14
15e7,2015,14
15e6,2015,14
1e7,2015,14
162e5,2015,14
26e6,2015,14
8e6,2015,14
195e5,2015,14
25e6,2015,14
2e8,2015,14
135e6,2015,14
35e6,2015,14
4e7,2015,14
15e6,2015,14
8e6,2015,14
25e6,2015,14
25e6,2015,14
3e7,2015,14
7e6,2015,14
5e7,2015,14
1e7,2015,14
13e6,2015,14
16e6,2015,14
23e6,2015,14
2e6,2015,14
6e6,2015,14
3e7,2015,14
28e6,2015,14
11e6,2015,14
8e6,2015,14
12e6,2015,14
11e6,2015,14
4e7,2015,14
4e6,2015,14
6e7,2015,14
15e6,2015,14
1e7,2015,14
812e5,2015,14
35e5,2015,14
35e6,2015,14
8e6,2015,14
26e6,2015,14
74e6,2015,14
25e6,2015,14
1e5,2015,14
7e7,2015,14
9e7,2015,14
8e6,2015,14
1e6,2015,14
35e6,2015,14
28e6,2015,14
85e5,2015,14
3e6,2015,14
96e5,2015,14
94e5,2015,14
18e6,2015,14
5e6,2015,14
14e6,2015,14
2e7,2015,14
18026148,2015,14
33e5,2015,14
17e6,2015,14
65e6,2015,14
1e7,2015,14
3e6,2015,14
17e6,2015,14
99e6,2015,14
36e6,2015,14
1e7,2015,14
12e6,2015,14
13e6,2015,14
5e6,2015,14
1e7,2015,14
3e7,2015,14
6e6,2015,14
14e6,2015,14
1e7,2015,14
1e7,2015,14
35e6,2015,14
7e6,2015,14
2e6,2015,14
3e6,2015,14
2e6,2015,14
11e6,2015,14
8e5,2015,14
14e5,2015,14
4e6,2015,14
25e6,2015,14
32e5,2015,14
15e6,2015,14
15e6,2015,14
2e7,2015,14
8e6,2015,14
5e6,2015,14
6e6,2016,14
125e6,2016,14
3e7,2016,14
175e6,2016,14
75e6,2016,14
18e7,2016,14
15e7,2016,14
9e7,2016,14
44e6,2016,14
3e7,2016,14
225e5,2016,14
25e6,2016,14
47e6,2016,14
125e6,2016,14
2e8,2016,14
4e7,2016,14
58e6,2016,14
9e6,2016,14
11e7,2016,14
25e7,2016,14
185e6,2016,14
165e6,2016,14
12e6,2016,14
25e7,2016,14
4e7,2016,14
2e7,2016,14
45e6,2016,14
178e6,2016,14
85e5,2016,14
15e7,2016,14
85e6,2016,14
4e7,2016,14
15e5,2016,14
99e5,2016,14
12e6,2016,14
11e7,2016,14
11e7,2016,14
46e6,2016,14
12e7,2016,14
9e6,2016,14
25e6,2016,14
18e7,2016,14
35e6,2016,14
2e7,2016,14
5e7,2016,14
43e6,2016,14
6e7,2016,14
2e7,2016,14
3e7,2016,14
4e7,2016,14
15e7,2016,14
4e7,2016,14
38e6,2016,14
9e6,2016,14
108e6,2016,14
75e6,2016,14
14e7,2016,14
4e7,2016,14
6e7,2016,14
19e6,2016,14
5e7,2016,14
36e6,2016,14
75e6,2016,14
5e6,2016,14
13e6,2016,14
144e6,2016,14
15e6,2016,14
2e7,2016,14
16e7,2016,14
33e6,2016,14
9e7,2016,14
175e6,2016,14
7e6,2016,14
11e7,2016,14
17e6,2016,14
24e6,2016,14
23e6,2016,14
5e6,2016,14
45e6,2016,14
49e5,2016,14
4e7,2016,14
2e8,2016,14
115e6,2016,14
1e7,2016,14
2e7,2016,14
165e6,2016,14
5e7,2016,14
8e6,2016,14
28e6,2016,14
1e8,2016,14
315e5,2016,14
28e6,2016,14
275e5,2016,14
7e7,2016,14
6e6,2016,14
25e6,2016,14
3e6,2016,14
38e6,2016,14
135e6,2016,14
6e7,2016,14
9e6,2016,14
35e6,2016,14
6e7,2016,14
35e6,2016,14
2e7,2016,14
22e6,2016,14
8e6,2016,14
6e6,2016,14
3e7,2016,14
17e7,2016,14
29e6,2016,14
18e6,2016,14
1e7,2016,14
35e6,2016,14
105e6,2016,14
5e7,2016,14
1e7,2016,14
4e7,2016,14
125e6,2016,14
45e6,2016,14
7e6,2016,14
14e7,2016,14
8e7,2016,14
2e7,2016,14
38e6,2016,14
1e7,2016,14
25e4,2016,14
73e6,2016,14
15e5,2016,14
15e6,2016,14
4e7,2016,14
65e6,2016,14
27e6,2016,14
5e7,2016,14
25e6,2016,14
25e6,2016,14
145e6,2016,14
9e6,2016,14
2e7,2016,14
1e7,2016,14
35e6,2016,14
1e7,2016,14
8e6,2016,14
14e6,2016,14
85e5,2016,14
5e6,2016,14
3e7,2016,14
2e7,2016,14
3e7,2016,14
215e5,2016,14
15e6,2016,14
13e6,2016,14
29e6,2016,14
26e6,2016,14
13e4,2016,14
8e6,2016,14
9e5,2016,14
15e6,2016,14
1e7,2016,14
2e7,2016,14
18e6,2016,14
17e6,2016,14
5e6,2016,14
4e6,2016,14
3e6,2016,14
38e5,2016,14
85e5,2016,14
2e7,2016,14
35e5,2016,14
